Datetime,Water Level (m)
2025-09-19 06:00:00,-0.0002966172
2025-09-19 07:00:00,-0.00022020175
2025-09-19 08:00:00,-0.000546816
2025-09-19 09:00:00,-0.000846332
2025-09-19 10:00:00,-0.0012503219
2025-09-19 11:00:00,-0.001477912
2025-09-19 12:00:00,-0.0016929148
2025-09-19 13:00:00,-0.0018049192
2025-09-19 14:00:00,-0.0017937433
2025-09-19 15:00:00,-0.0016768677
2025-09-19 16:00:00,-0.0013900514
2025-09-19 17:00:00,-0.0013991927
2025-09-19 18:00:00,-0.0013132611
2025-09-19 19:00:00,-0.0014695723
2025-09-19 20:00:00,-0.0016794236
2025-09-19 21:00:00,-0.0021363993
2025-09-19 22:00:00,-0.0027868976
2025-09-19 23:00:00,-0.0028584022
2025-09-20 00:00:00,0.013501703
2025-09-20 01:00:00,0.013912324
2025-09-20 02:00:00,0.02650153
2025-09-20 03:00:00,0.037914958
2025-09-20 04:00:00,0.04892584
2025-09-20 05:00:00,0.06621268
2025-09-20 06:00:00,0.063994564
2025-09-20 07:00:00,0.0785864
2025-09-20 08:00:00,0.09863777
2025-09-20 09:00:00,0.12562256
2025-09-20 10:00:00,0.13993005
2025-09-20 11:00:00,0.15433986
2025-09-20 12:00:00,0.16955195
2025-09-20 13:00:00,0.18537821
2025-09-20 14:00:00,0.20159157
2025-09-20 15:00:00,0.21788315
2025-09-20 16:00:00,0.2340873
2025-09-20 17:00:00,0.24990977
2025-09-20 18:00:00,0.26497164
2025-09-20 19:00:00,0.27932104
2025-09-20 20:00:00,0.29343873
2025-09-20 21:00:00,0.30832064
2025-09-20 22:00:00,0.3240959
2025-09-20 23:00:00,0.3545507
2025-09-21 00:00:00,0.40345174
2025-09-21 01:00:00,0.45506528
2025-09-21 02:00:00,0.5062983
2025-09-21 03:00:00,0.55624944
2025-09-21 04:00:00,0.65249664
2025-09-21 05:00:00,0.7289707
2025-09-21 06:00:00,0.7942919
2025-09-21 07:00:00,0.85008246
2025-09-21 08:00:00,0.89825034
2025-09-21 09:00:00,0.94173867
2025-09-21 10:00:00,0.982616
2025-09-21 11:00:00,1.0221068
2025-09-21 12:00:00,1.0609975
2025-09-21 13:00:00,1.0991837
2025-09-21 14:00:00,1.1363335
2025-09-21 15:00:00,1.1719402
2025-09-21 16:00:00,1.2061126
2025-09-21 17:00:00,1.2385981
2025-09-21 18:00:00,1.2694073
2025-09-21 19:00:00,1.2986109
2025-09-21 20:00:00,1.3263551
2025-09-21 21:00:00,1.3536266
2025-09-21 22:00:00,1.3814027
2025-09-21 23:00:00,1.41027
2025-09-22 00:00:00,1.4402072
2025-09-22 01:00:00,1.4708015
2025-09-22 02:00:00,1.5015479
2025-09-22 03:00:00,1.5319173
2025-09-22 04:00:00,1.5615149
2025-09-22 05:00:00,1.5901197
2025-09-22 06:00:00,1.6170973
2025-09-22 07:00:00,1.642823
2025-09-22 08:00:00,1.66751
2025-09-22 09:00:00,1.691672
2025-09-22 10:00:00,1.7162703
2025-09-22 11:00:00,1.7419728
2025-09-22 12:00:00,1.7688012
2025-09-22 13:00:00,1.7964884
2025-09-22 14:00:00,1.8242965
2025-09-22 15:00:00,1.8515596
2025-09-22 16:00:00,1.8777739
2025-09-22 17:00:00,1.9028258
2025-09-22 18:00:00,1.9268032
2025-09-22 19:00:00,1.9492304
2025-09-22 20:00:00,1.9700277
2025-09-22 21:00:00,1.9899207
2025-09-22 22:00:00,2.0097635
2025-09-22 23:00:00,2.0301783
2025-09-23 00:00:00,2.0514543
2025-09-23 01:00:00,2.0734558
2025-09-23 02:00:00,2.09565
2025-09-23 03:00:00,2.1178014
2025-09-23 04:00:00,2.1391938
2025-09-23 05:00:00,2.1597843
2025-09-23 06:00:00,2.1792488
2025-09-23 07:00:00,2.2080503
2025-09-23 08:00:00,2.2407656
2025-09-23 09:00:00,2.2871113
2025-09-23 10:00:00,2.3248746
2025-09-23 11:00:00,2.3873143
2025-09-23 12:00:00,2.4281888
2025-09-23 13:00:00,2.4604015
2025-09-23 14:00:00,2.4886558
2025-09-23 15:00:00,2.5139868
2025-09-23 16:00:00,2.5369592
2025-09-23 17:00:00,2.5580738
2025-09-23 18:00:00,2.5775194
2025-09-23 19:00:00,2.5952892
2025-09-23 20:00:00,2.6116812
2025-09-23 21:00:00,2.6268897
2025-09-23 22:00:00,2.6414287
2025-09-23 23:00:00,2.656376
2025-09-24 00:00:00,2.6719515
2025-09-24 01:00:00,2.6881933
2025-09-24 02:00:00,2.704595
2025-09-24 03:00:00,2.7207065
2025-09-24 04:00:00,2.7362463
2025-09-24 05:00:00,2.7507288
2025-09-24 06:00:00,2.7643435
2025-09-24 07:00:00,2.776964
2025-09-24 08:00:00,2.788682
2025-09-24 09:00:00,2.7994592
2025-09-24 10:00:00,2.8097198
2025-09-24 11:00:00,2.8205428
2025-09-24 12:00:00,2.8318708
2025-09-24 13:00:00,2.8439093
2025-09-24 14:00:00,2.8562956
2025-09-24 15:00:00,2.868445
2025-09-24 16:00:00,2.8802478
2025-09-24 17:00:00,2.891279
2025-09-24 18:00:00,2.9017215
2025-09-24 19:00:00,2.9110627
2025-09-24 20:00:00,2.919619
2025-09-24 21:00:00,2.9276812
2025-09-24 22:00:00,2.9351175
2025-09-24 23:00:00,2.9432268
2025-09-25 00:00:00,2.9399307
2025-09-25 01:00:00,2.9336786
2025-09-25 02:00:00,2.9300852
2025-09-25 03:00:00,2.9281096
2025-09-25 04:00:00,2.9268134
2025-09-25 05:00:00,2.9256291
2025-09-25 06:00:00,2.924653
